{
  "threshold": 0.51,
  "base": [
    "gbm",
    "lstm"
  ],
  "coef": [
    [
      2.1003823381940747,
      4.145693398128411
    ]
  ],
  "intercept": [
    -3.2052081515842765
  ]
}