{
  "n": 47276,
  "accuracy": 0.7668161434977578,
  "macro_f1": 0.7666602422085367,
  "buy_f1": 0.7606288270291397,
  "sell_f1": 0.7726916573879336,
  "balanced_accuracy": 0.767563174232432
}