{
  "n": 47276,
  "accuracy": 0.7673872578052289,
  "macro_f1": 0.7672289239744206,
  "buy_f1": 0.7611580479117347,
  "sell_f1": 0.7732998000371065,
  "balanced_accuracy": 0.7681236546200529
}